Organism_Name;Organism_Groups;Strain;BioSample;BioProject;Assembly;Level;Size(Mb);GC%;Replicons;WGS;Scaffolds;CDS;Release_Date;GenBank_FTP;RefSeq_FTP;
"Corynebacterium jeikeium K411,""Bacteria";Terrabacteria group;"Actinobacteria""";K411 = NCTC 11915;SAMEA3283089;PRJNA13967;GCA_000006605.1;Complete;247.682;613.561;chromosome:NC_007164.1/CR931997.1;;;;;;
"Chlamydia muridarum str. Nigg,""Bacteria";PVC group;"Chlamydiae""";Nigg;SAMN02603994;PRJNA229;GCA_000006685.1;Complete;108.045;402.681;chromosome:NC_002620.2/AE002160.2;;;;;;
"Xylella fastidiosa 9a5c,""Bacteria";Proteobacteria;"Gammaproteobacteria""";9a5c;SAMN02603773;PRJNA271;GCA_000006725.1;Complete;273.175;526.433;chromosome:NC_002488.3/AE003849.1;;;;;;
"Vibrio cholerae O1 biovar El Tor str. N16961,""Bacteria";Proteobacteria;"Gammaproteobacteria""";N16961;SAMN02603969;PRJNA36;GCA_000006745.1;Complete;403.346;474.873;chromosome I:NC_002505.1/AE003852.1;;;;;;
"Pseudomonas aeruginosa PAO1,""Bacteria";Proteobacteria;"Gammaproteobacteria""";PAO1;SAMN02603714;PRJNA331;GCA_000006765.1;Complete;62.644;66.6;chromosome:NC_002516.2/AE004091.2;;1;5572;2000-05-16T00:00:00Z;ftp://ftp.ncbi.nlm.nih.gov/genomes/all/GCA/000/006/765/GCA_000006765.1_ASM676v1;ftp://ftp.ncbi.nlm.nih.gov/genomes/all/GCF/000/006/765/GCF_000006765.1_ASM676v1
"Halobacterium salinarum NRC-1,""Archaea";Euryarchaeota;"Stenosarchaea group""";NRC-1;;;;;;;;;;;;;
"Caulobacter vibrioides CB15,""Bacteria";Proteobacteria;"Alphaproteobacteria""";CB15;SAMN02604005;PRJNA298;GCA_000006905.1;Complete;401.695;67.2;chromosome:NC_002696.2/AE005673.1;;1;3737;2001-03-21T00:00:00Z;ftp://ftp.ncbi.nlm.nih.gov/genomes/all/GCA/000/006/905/GCA_000006905.1_ASM690v1;ftp://ftp.ncbi.nlm.nih.gov/genomes/all/GCF/000/006/905/GCF_000006905.1_ASM690v1
"Sinorhizobium meliloti 1021,""Bacteria";Proteobacteria;"Alphaproteobacteria""";1021;SAMEA3283068;PRJNA19;GCA_000006965.1;Complete;669.169;621.591;chromosome:NC_003047.1/AL591688.1;;;;;;
"Chlorobaculum tepidum TLS,""Bacteria";FCB group;"Bacteroidetes/Chlorobi group""";TLS;SAMN02604006;PRJNA302;GCA_000006985.1;Complete;215.495;56.5;chromosome:NC_002932.3/AE006470.1;;1;2245;2002-04-30T00:00:00Z;ftp://ftp.ncbi.nlm.nih.gov/genomes/all/GCA/000/006/985/GCA_000006985.1_ASM698v1;ftp://ftp.ncbi.nlm.nih.gov/genomes/all/GCF/000/006/985/GCF_000006985.1_ASM698v1
"Neisseria gonorrhoeae FA 1090,""Bacteria";Proteobacteria;"Betaproteobacteria""";FA 1090;SAMN02604088;PRJNA23;GCA_000006845.1;Complete;215.392;52.7;chromosome:NC_002946.2/AE004969.1;;1;1886;2000-09-28T00:00:00Z;ftp://ftp.ncbi.nlm.nih.gov/genomes/all/GCA/000/006/845/GCA_000006845.1_ASM684v1;ftp://ftp.ncbi.nlm.nih.gov/genomes/all/GCF/000/006/845/GCF_000006845.1_ASM684v1
"Lactococcus lactis subsp. lactis Il1403,""Bacteria";Terrabacteria group;"Firmicutes""";IL1403;SAMN02603339;PRJNA72;GCA_000006865.1;Complete;236.559;35.3;chromosome:NC_002662.1/AE005176.1;;1;2277;2001-01-09T00:00:00Z;ftp://ftp.ncbi.nlm.nih.gov/genomes/all/GCA/000/006/865/GCA_000006865.1_ASM686v1;ftp://ftp.ncbi.nlm.nih.gov/genomes/all/GCF/000/006/865/GCF_000006865.1_ASM686v1
"Rickettsia conorii str. Malish 7,""Bacteria";Proteobacteria;"Alphaproteobacteria""";Malish 7;SAMN02603141;PRJNA42;GCA_000007025.1;Complete;126.876;32.4;chromosome:NC_003103.1/AE006914.1;;1;1289;2001-10-03T00:00:00Z;ftp://ftp.ncbi.nlm.nih.gov/genomes/all/GCA/000/007/025/GCA_000007025.1_ASM702v1;ftp://ftp.ncbi.nlm.nih.gov/genomes/all/GCF/000/007/025/GCF_000007025.1_ASM702v1
"Streptococcus pneumoniae R6,""Bacteria";Terrabacteria group;"Firmicutes""";R6;SAMN02603218;PRJNA278;GCA_000007045.1;Complete;203.862;39.7;chromosome:NC_003098.1/AE007317.1;;1;1814;2001-10-03T00:00:00Z;ftp://ftp.ncbi.nlm.nih.gov/genomes/all/GCA/000/007/045/GCA_000007045.1_ASM704v1;ftp://ftp.ncbi.nlm.nih.gov/genomes/all/GCF/000/007/045/GCF_000007045.1_ASM704v1
"Caldanaerobacter subterraneus subsp. tengcongensis MB4,""Bacteria";Terrabacteria group;"Firmicutes""";MB4;SAMN02603009;PRJNA249;GCA_000007085.1;Complete;268.945;37.6;chromosome:NC_003869.1/AE008691.1;;1;2476;2001-10-07T00:00:00Z;ftp://ftp.ncbi.nlm.nih.gov/genomes/all/GCA/000/007/085/GCA_000007085.1_ASM708v1;ftp://ftp.ncbi.nlm.nih.gov/genomes/all/GCF/000/007/085/GCF_000007085.1_ASM708v1
"Brucella melitensis bv. 1 str. 16M,""Bacteria";Proteobacteria;"Alphaproteobacteria""";16M;SAMN02603416;PRJNA180;GCA_000007125.1;Complete;329.493;572.357;chromosome I:NC_003317.1/AE008917.1;;;;;;
"Xanthomonas campestris pv. campestris str. ATCC 33913,""Bacteria";Proteobacteria;"Gammaproteobacteria""";ATCC 33913;SAMN02603845;PRJNA296;GCA_000007145.1;Complete;507.619;65.1;chromosome:NC_003902.1/AE008922.1;;1;4179;2001-11-28T00:00:00Z;ftp://ftp.ncbi.nlm.nih.gov/genomes/all/GCA/000/007/145/GCA_000007145.1_ASM714v1;ftp://ftp.ncbi.nlm.nih.gov/genomes/all/GCF/000/007/145/GCF_000007145.1_ASM714v1
"Methanopyrus kandleri AV19,""Archaea";Euryarchaeota;"Methanopyri""";AV19;SAMN02603235;PRJNA294;GCA_000007185.1;Complete;169.497;61.2;chromosome:AE009439.1;;1;1687;2002-04-03T00:00:00Z;ftp://ftp.ncbi.nlm.nih.gov/genomes/all/GCA/000/007/185/GCA_000007185.1_ASM718v1;ftp://ftp.ncbi.nlm.nih.gov/genomes/all/GCF/000/007/185/GCF_000007185.1_ASM718v1
"Pyrobaculum aerophilum str. IM2,""Archaea";TACK group;"Crenarchaeota""";IM2;SAMN02604075;PRJNA172;GCA_000007225.1;Complete;222.243;51.4;chromosome:NC_003364.1/AE009441.1;;1;2338;2001-12-12T00:00:00Z;ftp://ftp.ncbi.nlm.nih.gov/genomes/all/GCA/000/007/225/GCA_000007225.1_ASM722v1;ftp://ftp.ncbi.nlm.nih.gov/genomes/all/GCF/000/007/225/GCF_000007225.1_ASM722v1
"Pyrococcus furiosus DSM 3638,""Archaea";Euryarchaeota;"Thermococci""";DSM 3638;SAMN02604284;PRJNA287;GCA_000007305.1;Complete;190.826;40.8;chromosome:NC_003413.1/AE009950.1;;1;1979;2002-02-12T00:00:00Z;ftp://ftp.ncbi.nlm.nih.gov/genomes/all/GCA/000/007/305/GCA_000007305.1_ASM730v1;ftp://ftp.ncbi.nlm.nih.gov/genomes/all/GCF/000/007/305/GCF_000007305.1_ASM730v1
"Fusobacterium nucleatum subsp. nucleatum ATCC 25586,""Bacteria";Fusobacteria;"Fusobacteriia""";ATCC 25586;SAMN02603417;PRJNA295;GCA_000007325.1;Complete;21.745;27.2;chromosome:NC_003454.1/AE009951.2;;1;1983;2002-02-13T00:00:00Z;ftp://ftp.ncbi.nlm.nih.gov/genomes/all/GCA/000/007/325/GCA_000007325.1_ASM732v1;ftp://ftp.ncbi.nlm.nih.gov/genomes/all/GCF/000/007/325/GCF_000007325.1_ASM732v1
"Methanosarcina acetivorans C2A,""Archaea";Euryarchaeota;"Stenosarchaea group""";C2A;SAMN03081414;PRJNA290;GCA_000007345.1;Complete;575.149;42.7;chromosome:AE010299.1;;1;4540;2002-04-03T00:00:00Z;ftp://ftp.ncbi.nlm.nih.gov/genomes/all/GCA/000/007/345/GCA_000007345.1_ASM734v1;ftp://ftp.ncbi.nlm.nih.gov/genomes/all/GCF/000/007/345/GCF_000007345.1_ASM734v1
"Buchnera aphidicola str. Sg (Schizaphis graminum),""Bacteria";Proteobacteria;"Gammaproteobacteria""";Sg;SAMN02604269;PRJNA312;GCA_000007365.1;Complete;0.641454;25.3;chromosome:NC_004061.1/AE013218.1;;1;560;2002-06-10T00:00:00Z;ftp://ftp.ncbi.nlm.nih.gov/genomes/all/GCA/000/007/365/GCA_000007365.1_ASM736v1;ftp://ftp.ncbi.nlm.nih.gov/genomes/all/GCF/000/007/365/GCF_000007365.1_ASM736v1
"Streptococcus agalactiae 2603V/R,""Bacteria";Terrabacteria group;"Firmicutes""";2603V/R;SAMN02604013;PRJNA330;GCA_000007265.1;Complete;216.027;35.6;chromosome:NC_004116.1/AE009948.1;;1;2127;2002-08-28T00:00:00Z;ftp://ftp.ncbi.nlm.nih.gov/genomes/all/GCA/000/007/265/GCA_000007265.1_ASM726v1;ftp://ftp.ncbi.nlm.nih.gov/genomes/all/GCF/000/007/265/GCF_000007265.1_ASM726v1
"Tropheryma whipplei str. Twist,""Bacteria";Terrabacteria group;"Actinobacteria""";Twist;SAMN02603248;PRJNA95;GCA_000007485.1;Complete;0.927303;46.3;chromosome:NC_004572.3/AE014184.1;;1;852;2003-02-24T00:00:00Z;ftp://ftp.ncbi.nlm.nih.gov/genomes/all/GCA/000/007/485/GCA_000007485.1_ASM748v1;ftp://ftp.ncbi.nlm.nih.gov/genomes/all/GCF/000/007/485/GCF_000007485.1_ASM748v1
"Brucella suis 1330,""Bacteria";Proteobacteria;"Alphaproteobacteria""";1330;SAMN02603682;PRJNA320;GCA_000007505.1;Complete;331.517;572.364;chromosome I:NC_004310.3/AE014291.4;;;;;;
"Bifidobacterium longum NCC2705,""Bacteria";Terrabacteria group;"Actinobacteria""";NCC2705;SAMN02603675;PRJNA328;GCA_000007525.1;Complete;226.027;601.075;chromosome:NC_004307.2/AE014295.3;;;;;;
"Chlamydia caviae GPIC,""Bacteria";PVC group;"Chlamydiae""";GPIC;SAMN02603993;PRJNA228;GCA_000007605.1;Complete;118.136;391.629;chromosome:NC_003361.3/AE015925.1;;;;;;
"Clostridium tetani E88,""Bacteria";Terrabacteria group;"Firmicutes""";Massachusetts substr. E88;SAMN02603289;PRJNA81;GCA_000007625.1;Complete;287.333;285.917;chromosome:NC_004557.1/AE015927.1;;;;;;
"Staphylococcus epidermidis ATCC 12228,""Bacteria";Terrabacteria group;"Firmicutes""";ATCC 12228;SAMN02603126;PRJNA279;GCA_000007645.1;Complete;256.461;320.512;chromosome:NC_004461.1/AE015929.1;;;;;;
"Chromobacterium violaceum ATCC 12472,""Bacteria";Proteobacteria;"Betaproteobacteria""";ATCC 12472;SAMN02603528;PRJNA444;GCA_000007705.1;Complete;475.108;64.8;chromosome:NC_005085.1/AE016825.1;;1;4245;2003-08-22T00:00:00Z;ftp://ftp.ncbi.nlm.nih.gov/genomes/all/GCA/000/007/705/GCA_000007705.1_ASM770v1;ftp://ftp.ncbi.nlm.nih.gov/genomes/all/GCF/000/007/705/GCF_000007705.1_ASM770v1
"[Mannheimia] succiniciproducens MBEL55E,""Bacteria";Proteobacteria;"Gammaproteobacteria""";MBEL55E;SAMN02603473;PRJNA13068;GCA_000007745.1;Complete;231.408;42.5;chromosome:NC_006300.1/AE016827.1;;1;2051;2004-09-17T00:00:00Z;ftp://ftp.ncbi.nlm.nih.gov/genomes/all/GCA/000/007/745/GCA_000007745.1_ASM774v1;ftp://ftp.ncbi.nlm.nih.gov/genomes/all/GCF/000/007/745/GCF_000007745.1_ASM774v1
"Enterococcus faecalis V583,""Bacteria";Terrabacteria group;"Firmicutes""";V583;SAMN02603978;PRJNA70;GCA_000007785.1;Complete;335.997;373.546;chromosome:NC_004668.1/AE016830.1;;;;;;
"Pseudomonas syringae pv. tomato str. DC3000,""Bacteria";Proteobacteria;"Gammaproteobacteria""";DC3000;SAMN02604017;PRJNA359;GCA_000007805.1;Complete;653.826;583.401;chromosome:NC_004578.1/AE016853.1;;;;;;
"Bacillus cereus ATCC 14579,""Bacteria";Terrabacteria group;"Firmicutes""";ATCC 14579;SAMN02603340;PRJNA384;GCA_000007825.1;Complete;542.708;353.076;chromosome:NC_004722.1/AE016877.1;;;;;;
"Bacillus anthracis str. Ames,""Bacteria";Terrabacteria group;"Firmicutes""";Ames;SAMN02603432;PRJNA309;GCA_000007845.1;Complete;522.729;35.4;chromosome:NC_003997.3/AE016879.1;;1;5321;2002-05-16T00:00:00Z;ftp://ftp.ncbi.nlm.nih.gov/genomes/all/GCA/000/007/845/GCA_000007845.1_ASM784v1;ftp://ftp.ncbi.nlm.nih.gov/genomes/all/GCF/000/007/845/GCF_000007845.1_ASM784v1
"Mycobacterium avium subsp. paratuberculosis K-10,""Bacteria";Terrabacteria group;"Actinobacteria""";K-10;SAMN02604086;PRJNA91;GCA_000007865.1;Complete;482.978;69.3;chromosome:NC_002944.2/AE016958.1;;1;4311;2001-12-27T00:00:00Z;ftp://ftp.ncbi.nlm.nih.gov/genomes/all/GCA/000/007/865/GCA_000007865.1_ASM786v1;ftp://ftp.ncbi.nlm.nih.gov/genomes/all/GCF/000/007/865/GCF_000007865.1_ASM786v1
"Helicobacter hepaticus ATCC 51449,""Bacteria";Proteobacteria;"delta/epsilon subdivisions""";ATCC 51449;SAMN02604097;PRJNA185;GCA_000007905.1;Complete;179.915;35.9;chromosome:NC_004917.1/AE017125.1;;1;1744;2003-06-26T00:00:00Z;ftp://ftp.ncbi.nlm.nih.gov/genomes/all/GCA/000/007/905/GCA_000007905.1_ASM790v1;ftp://ftp.ncbi.nlm.nih.gov/genomes/all/GCF/000/007/905/GCF_000007905.1_ASM790v1
"Prochlorococcus marinus subsp. marinus str. CCMP1375,""Bacteria";Terrabacteria group;"Cyanobacteria/Melainabacteria group""";CCMP1375;;;;;;;;;;;;;
"[Haemophilus] ducreyi 35000HP,""Bacteria";Proteobacteria;"Gammaproteobacteria""";35000HP;SAMN02604087;PRJNA38;GCA_000007945.1;Complete;169.895;38.2;chromosome:NC_002940.2/AE017143.1;;1;1504;2001-10-24T00:00:00Z;ftp://ftp.ncbi.nlm.nih.gov/genomes/all/GCA/000/007/945/GCA_000007945.1_ASM794v1;ftp://ftp.ncbi.nlm.nih.gov/genomes/all/GCF/000/007/945/GCF_000007945.1_ASM794v1
"Wolbachia endosymbiont of Drosophila melanogaster,""Bacteria";Proteobacteria;"Alphaproteobacteria""";wMel;SAMN02604000;PRJNA272;GCA_000008025.1;Complete;126.778;35.2;chromosome:NC_002978.6/AE017196.1;;1;1100;2002-01-16T00:00:00Z;ftp://ftp.ncbi.nlm.nih.gov/genomes/all/GCA/000/008/025/GCA_000008025.1_ASM802v1;ftp://ftp.ncbi.nlm.nih.gov/genomes/all/GCF/000/008/025/GCF_000008025.1_ASM802v1
"Rickettsia typhi str. Wilmington,""Bacteria";Proteobacteria;"Alphaproteobacteria""";Wilmington;SAMN02603327;PRJNA10679;GCA_000008045.1;Complete;11.115;28.9;chromosome:NC_006142.1/AE017197.1;;1;825;2004-08-19T00:00:00Z;ftp://ftp.ncbi.nlm.nih.gov/genomes/all/GCA/000/008/045/GCA_000008045.1_ASM804v1;ftp://ftp.ncbi.nlm.nih.gov/genomes/all/GCF/000/008/045/GCF_000008045.1_ASM804v1
"Lactobacillus johnsonii NCC 533,""Bacteria";Terrabacteria group;"Firmicutes""";NCC 533;SAMN02603676;PRJNA9638;GCA_000008065.1;Complete;199.268;34.6;chromosome:NC_005362.1/AE017198.1;;1;1749;2004-02-02T00:00:00Z;ftp://ftp.ncbi.nlm.nih.gov/genomes/all/GCA/000/008/065/GCA_000008065.1_ASM806v1;ftp://ftp.ncbi.nlm.nih.gov/genomes/all/GCF/000/008/065/GCF_000008065.1_ASM806v1
"Nanoarchaeum equitans Kin4-M,""Archaea";DPANN group;"Nanoarchaeota""";;SAMN02603208;PRJNA9599;GCA_000008085.1;Complete;0.490885;31.6;chromosome:AE017199.1;;1;536;2003-12-18T00:00:00Z;ftp://ftp.ncbi.nlm.nih.gov/genomes/all/GCA/000/008/085/GCA_000008085.1_ASM808v1;ftp://ftp.ncbi.nlm.nih.gov/genomes/all/GCF/000/008/085/GCF_000008085.1_ASM808v1
"Treponema denticola ATCC 35405,""Bacteria";Spirochaetes;"Spirochaetia""";ATCC 35405;SAMN02603967;PRJNA4;GCA_000008185.1;Complete;28.432;37.9;chromosome:NC_002967.9/AE017226.1;;1;2767;2002-02-14T00:00:00Z;ftp://ftp.ncbi.nlm.nih.gov/genomes/all/GCA/000/008/185/GCA_000008185.1_ASM818v1;ftp://ftp.ncbi.nlm.nih.gov/genomes/all/GCF/000/008/185/GCF_000008185.1_ASM818v1
"Mycoplasma hyopneumoniae J,""Bacteria";Terrabacteria group;"Tenericutes""";J;SAMN02603526;PRJNA10675;GCA_000008205.1;Complete;0.897405;28.5;chromosome:NC_007295.1/AE017243.1;;1;666;2005-08-05T00:00:00Z;ftp://ftp.ncbi.nlm.nih.gov/genomes/all/GCA/000/008/205/GCA_000008205.1_ASM820v1;ftp://ftp.ncbi.nlm.nih.gov/genomes/all/GCF/000/008/205/GCF_000008205.1_ASM820v1
"Brucella abortus bv. 1 str. 9-941,""Bacteria";Proteobacteria;"Alphaproteobacteria""";9-941;SAMN02604220;PRJNA9619;GCA_000008145.1;Complete;328.645;572.354;chromosome I:NC_006932.1/AE017223.1;;;;;;
"Picrophilus torridus DSM 9790,""Archaea";Euryarchaeota;"Diaforarchaea group""";DSM 9790;SAMN02603345;PRJNA10641;GCA_000008265.1;Complete;15.459;36;chromosome:NC_005877.1/AE017261.1;;1;1563;2004-06-08T00:00:00Z;ftp://ftp.ncbi.nlm.nih.gov/genomes/all/GCA/000/008/265/GCA_000008265.1_ASM826v1;ftp://ftp.ncbi.nlm.nih.gov/genomes/all/GCF/000/008/265/GCF_000008265.1_ASM826v1
"Mesoplasma florum L1,""Bacteria";Terrabacteria group;"Tenericutes""";L1;;;;;;;;;;;;;
"Methylococcus capsulatus str. Bath,""Bacteria";Proteobacteria;"Gammaproteobacteria""";Bath;SAMN02603968;PRJNA21;GCA_000008325.1;Complete;330.456;63.6;chromosome:NC_002977.6/AE017282.2;;1;2957;2001-06-25T00:00:00Z;ftp://ftp.ncbi.nlm.nih.gov/genomes/all/GCA/000/008/325/GCA_000008325.1_ASM832v1;ftp://ftp.ncbi.nlm.nih.gov/genomes/all/GCF/000/008/325/GCF_000008325.1_ASM832v1
"Cutibacterium acnes KPA171202,""Bacteria";Terrabacteria group;"Actinobacteria""";KPA171202;SAMN02603281;PRJNA12460;GCA_000008345.1;Complete;256.026;60;chromosome:NC_006085.1/AE017283.1;;1;2416;2004-07-30T00:00:00Z;ftp://ftp.ncbi.nlm.nih.gov/genomes/all/GCA/000/008/345/GCA_000008345.1_ASM834v1;ftp://ftp.ncbi.nlm.nih.gov/genomes/all/GCF/000/008/345/GCF_000008345.1_ASM834v1
"Mycoplasma mobile 163K,""Bacteria";Terrabacteria group;"Tenericutes""";163K;SAMN03081417;PRJNA10697;GCA_000008365.1;Complete;0.777079;25;chromosome:NC_006908.1/AE017308.1;;1;652;2004-05-18T00:00:00Z;ftp://ftp.ncbi.nlm.nih.gov/genomes/all/GCA/000/008/365/GCA_000008365.1_ASM836v1;ftp://ftp.ncbi.nlm.nih.gov/genomes/all/GCF/000/008/365/GCF_000008365.1_ASM836v1
"Wolbachia endosymbiont strain TRS of Brugia malayi,""Bacteria";Proteobacteria;"Alphaproteobacteria""";;SAMN02603678;PRJNA12475;GCA_000008385.1;Complete;108.008;34.2;chromosome:NC_006833.1/AE017321.1;;1;839;2005-02-02T00:00:00Z;ftp://ftp.ncbi.nlm.nih.gov/genomes/all/GCA/000/008/385/GCA_000008385.1_ASM838v1;ftp://ftp.ncbi.nlm.nih.gov/genomes/all/GCF/000/008/385/GCF_000008385.1_ASM838v1
"Idiomarina loihiensis L2TR,""Bacteria";Proteobacteria;"Gammaproteobacteria""";L2TR;SAMN02604184;PRJNA10790;GCA_000008465.1;Complete;283.932;47;chromosome:NC_006512.1/AE017340.1;;1;2640;2004-12-02T00:00:00Z;ftp://ftp.ncbi.nlm.nih.gov/genomes/all/GCA/000/008/465/GCA_000008465.1_ASM846v1;ftp://ftp.ncbi.nlm.nih.gov/genomes/all/GCF/000/008/465/GCF_000008465.1_ASM846v1
"Legionella pneumophila subsp. pneumophila str. Philadelphia 1,""Bacteria";Proteobacteria;"Gammaproteobacteria""";Philadelphia 1;SAMN02603156;PRJNA22;GCA_000008485.1;Complete;339.775;38.3;chromosome:NC_002942.5/AE017354.1;;1;2943;2001-10-15T00:00:00Z;ftp://ftp.ncbi.nlm.nih.gov/genomes/all/GCA/000/008/485/GCA_000008485.1_ASM848v1;ftp://ftp.ncbi.nlm.nih.gov/genomes/all/GCF/000/008/485/GCF_000008485.1_ASM848v1
"[Bacillus thuringiensis] serovar konkukian str. 97-27,""Bacteria";Terrabacteria group;"Firmicutes""";97-27;SAMN02598265;PRJNA10877;GCA_000008505.1;Complete;531.479;353.594;chromosome:NC_005957.1/AE017355.1;;;;;;
"Helicobacter pylori 26695,""Bacteria";Proteobacteria;"delta/epsilon subdivisions""";26695;SAMN02603995;PRJNA233;GCA_000008525.1;Complete;166.787;38.9;chromosome:NC_000915.1/AE000511.1;;1;1445;1997-08-06T00:00:00Z;ftp://ftp.ncbi.nlm.nih.gov/genomes/all/GCA/000/008/525/GCA_000008525.1_ASM852v1;ftp://ftp.ncbi.nlm.nih.gov/genomes/all/GCF/000/008/525/GCF_000008525.1_ASM852v1
"Thermotoga maritima MSB8,""Bacteria";Thermotogae;"Thermotogae""";MSB8;SAMN02603986;PRJNA111;GCA_000008545.1;Complete;186.072;46.2;chromosome:NC_000853.1/AE000512.1;;1;1858;1999-06-01T00:00:00Z;ftp://ftp.ncbi.nlm.nih.gov/genomes/all/GCA/000/008/545/GCA_000008545.1_ASM854v1;ftp://ftp.ncbi.nlm.nih.gov/genomes/all/GCF/000/008/545/GCF_000008545.1_ASM854v1
"Deinococcus radiodurans R1,""Bacteria";Terrabacteria group;"Deinococcus-Thermus""";R1;SAMN02603976;PRJNA65;GCA_000008565.1;Complete;328.416;666.067;chromosome 1:NC_001263.1/AE000513.1;;;;;;
"Aquifex aeolicus VF5,""Bacteria";Aquificae;"Aquificae""";VF5;SAMN02603207;PRJNA215;GCA_000008625.1;Complete;159.079;433.239;chromosome:NC_000918.1/AE000657.1;;;;;;
"Methanothermobacter thermautotrophicus str. Delta H,""Archaea";Euryarchaeota;"Methanomada group""";Delta H;SAMN02603244;PRJNA289;GCA_000008645.1;Complete;175.138;49.5;chromosome:NC_000916.1/AE000666.1;;1;1756;1997-11-17T00:00:00Z;ftp://ftp.ncbi.nlm.nih.gov/genomes/all/GCA/000/008/645/GCA_000008645.1_ASM864v1;ftp://ftp.ncbi.nlm.nih.gov/genomes/all/GCF/000/008/645/GCF_000008645.1_ASM864v1
"Archaeoglobus fulgidus DSM 4304,""Archaea";Euryarchaeota;"Archaeoglobi""";DSM 4304;SAMN02603985;PRJNA104;GCA_000008665.1;Complete;21.784;48.6;chromosome:NC_000917.1/AE000782.1;;1;2369;1997-12-17T00:00:00Z;ftp://ftp.ncbi.nlm.nih.gov/genomes/all/GCA/000/008/665/GCA_000008665.1_ASM866v1;ftp://ftp.ncbi.nlm.nih.gov/genomes/all/GCF/000/008/665/GCF_000008665.1_ASM866v1
"Chlamydia trachomatis D/UW-3/CX,""Bacteria";PVC group;"Chlamydiae""";D/UW-3/CX;SAMN02603114;PRJNA45;GCA_000008725.1;Complete;104.252;41.3;chromosome:NC_000117.1/AE001273.1;;1;887;1998-05-20T00:00:00Z;ftp://ftp.ncbi.nlm.nih.gov/genomes/all/GCA/000/008/725/GCA_000008725.1_ASM872v1;ftp://ftp.ncbi.nlm.nih.gov/genomes/all/GCF/000/008/725/GCF_000008725.1_ASM872v1
"Chlamydia pneumoniae CWL029,""Bacteria";PVC group;"Chlamydiae""";CWL029;SAMN02603115;PRJNA248;GCA_000008745.1;Complete;123.023;40.6;chromosome:NC_000922.1/AE001363.1;;1;1029;1999-12-22T00:00:00Z;ftp://ftp.ncbi.nlm.nih.gov/genomes/all/GCA/000/008/745/GCA_000008745.1_ASM874v1;ftp://ftp.ncbi.nlm.nih.gov/genomes/all/GCF/000/008/745/GCF_000008745.1_ASM874v1
"Clostridium acetobutylicum ATCC 824,""Bacteria";Terrabacteria group;"Firmicutes""";ATCC 824;SAMN02603243;PRJNA77;GCA_000008765.1;Complete;413.288;30.9;chromosome:NC_003030.1/AE001437.1;;;;;;
"Neisseria meningitidis MC58,""Bacteria";Proteobacteria;"Betaproteobacteria""";MC58;SAMN02603997;PRJNA251;GCA_000008805.1;Complete;227.236;51.5;chromosome:NC_003112.2/AE002098.2;;1;1943;2000-02-25T00:00:00Z;ftp://ftp.ncbi.nlm.nih.gov/genomes/all/GCA/000/008/805/GCA_000008805.1_ASM880v1;ftp://ftp.ncbi.nlm.nih.gov/genomes/all/GCF/000/008/805/GCF_000008805.1_ASM880v1
"Wigglesworthia glossinidia endosymbiont of Glossina brevipalpis,""Bacteria";Proteobacteria;"Gammaproteobacteria""";;SAMD00061100;PRJNA274;GCA_000008885.1;Complete;0.703004;224.962;chromosome:NC_004344.2/BA000021.3;;;;;;
"Lactobacillus salivarius UCC118,""Bacteria";Terrabacteria group;"Firmicutes""";UCC118;SAMN02604111;PRJNA13280;GCA_000008925.1;Complete;213.398;330.066;chromosome:NC_007929.1/CP000233.1;;;;;;
"Francisella tularensis subsp. tularensis SCHU S4,""Bacteria";Proteobacteria;"Gammaproteobacteria""";SCHU S4;SAMEA3138185;PRJNA9;GCA_000008985.1;Complete;189.278;32.3;chromosome:NC_006570.2/AJ749949.2;;1;1556;2004-12-14T00:00:00Z;ftp://ftp.ncbi.nlm.nih.gov/genomes/all/GCA/000/008/985/GCA_000008985.1_ASM898v1;ftp://ftp.ncbi.nlm.nih.gov/genomes/all/GCF/000/008/985/GCF_000008985.1_ASM898v1
"Bacillus subtilis subsp. subtilis str. 168,""Bacteria";Terrabacteria group;"Firmicutes""";168;SAMEA3138188;PRJNA76;GCA_000009045.1;Complete;421.561;43.5;chromosome:NC_000964.3/AL009126.3;;1;4237;1997-11-20T00:00:00Z;ftp://ftp.ncbi.nlm.nih.gov/genomes/all/GCA/000/009/045/GCA_000009045.1_ASM904v1;ftp://ftp.ncbi.nlm.nih.gov/genomes/all/GCF/000/009/045/GCF_000009045.1_ASM904v1
"Yersinia pestis CO92,""Bacteria";Proteobacteria;"Gammaproteobacteria""";CO92;SAMEA1705942;PRJNA34;GCA_000009065.1;Complete;482.986;476.065;chromosome:NC_003143.1/AL590842.1;;;;;;
"Campylobacter jejuni subsp. jejuni NCTC 11168 = ATCC 700819,""Bacteria";Proteobacteria;"delta/epsilon subdivisions""";NCTC 11168;SAMEA1705929;PRJNA8;GCA_000009085.1;Complete;164.148;30.5;chromosome:NC_002163.1/AL111168.1;;1;1572;2001-09-27T00:00:00Z;ftp://ftp.ncbi.nlm.nih.gov/genomes/all/GCA/000/009/085/GCA_000009085.1_ASM908v1;ftp://ftp.ncbi.nlm.nih.gov/genomes/all/GCF/000/009/085/GCF_000009085.1_ASM908v1
"Ralstonia solanacearum GMI1000,""Bacteria";Proteobacteria;"Betaproteobacteria""";GMI1000;SAMEA3138192;PRJNA13;GCA_000009125.1;Complete;581.092;66.964;chromosome:NC_003295.1/AL646052.1;;;;;;
"Nitrosomonas europaea ATCC 19718,""Bacteria";Proteobacteria;"Betaproteobacteria""";ATCC 19718;SAMEA3138193;PRJNA52;GCA_000009145.1;Complete;281.209;50.7;chromosome:NC_004757.1/AL954747.1;;1;2544;2003-04-24T00:00:00Z;ftp://ftp.ncbi.nlm.nih.gov/genomes/all/GCA/000/009/145/GCA_000009145.1_ASM914v1;ftp://ftp.ncbi.nlm.nih.gov/genomes/all/GCF/000/009/145/GCF_000009145.1_ASM914v1
"Xanthomonas campestris pv. vesicatoria str. 85-10,""Bacteria";Proteobacteria;"Gammaproteobacteria""";85-10;SAMEA3138194;PRJNA13649;GCA_000009165.1;Complete;542.015;645.103;chromosome:NC_007508.1/AM039952.1;;;;;;
"Helicobacter acinonychis str. Sheeba,""Bacteria";Proteobacteria;"delta/epsilon subdivisions""";Sheeba;SAMEA3138199;PRJNA17251;GCA_000009305.1;Complete;155.759;381.915;chromosome:NC_008229.1/AM260522.1;;;;;;
"Yersinia enterocolitica subsp. enterocolitica 8081,""Bacteria";Proteobacteria;"Gammaproteobacteria""";8081;SAMEA1705958;PRJNA190;GCA_000009345.1;Complete;468.362;472.508;chromosome:NC_008800.1/AM286415.1;;;;;;
"Alcanivorax borkumensis SK2,""Bacteria";Proteobacteria;"Gammaproteobacteria""";SK2;SAMEA3138202;PRJNA13005;GCA_000009365.1;Complete;312.014;54.7;chromosome:NC_008260.1/AM286690.1;;1;2750;2006-07-23T00:00:00Z;ftp://ftp.ncbi.nlm.nih.gov/genomes/all/GCA/000/009/365/GCA_000009365.1_ASM936v1;ftp://ftp.ncbi.nlm.nih.gov/genomes/all/GCF/000/009/365/GCF_000009365.1_ASM936v1
"Staphylococcus carnosus subsp. carnosus TM300,""Bacteria";Terrabacteria group;"Firmicutes""";TM300;SAMEA2272563;PRJEA34811;GCA_000009405.1;Complete;256.642;34.6;chromosome:NC_012121.1/AM295250.1;;1;2359;2009-02-02T00:00:00Z;ftp://ftp.ncbi.nlm.nih.gov/genomes/all/GCA/000/009/405/GCA_000009405.1_ASM940v1;ftp://ftp.ncbi.nlm.nih.gov/genomes/all/GCF/000/009/405/GCF_000009405.1_ASM940v1
"Burkholderia cenocepacia J2315,""Bacteria";Proteobacteria;"Betaproteobacteria""";J2315;SAMEA1705928;PRJNA339;GCA_000009485.1;Complete;805.578;669.165;chromosome 1:NC_011000.1/AM747720.1;;;;;;
"Streptococcus uberis 0140J,""Bacteria";Terrabacteria group;"Firmicutes""";0140J;SAMEA3138207;PRJNA353;GCA_000009545.1;Complete;185.235;36.6;chromosome:NC_012004.1/AM946015.1;;1;1762;2009-01-28T00:00:00Z;ftp://ftp.ncbi.nlm.nih.gov/genomes/all/GCA/000/009/545/GCA_000009545.1_ASM954v1;ftp://ftp.ncbi.nlm.nih.gov/genomes/all/GCF/000/009/545/GCF_000009545.1_ASM954v1
"Mesorhizobium japonicum MAFF 303099,""Bacteria";Proteobacteria;"Alphaproteobacteria""";MAFF 303099;SAMD00061086;PRJNA18;GCA_000009625.1;Complete;75.963;624.657;chromosome:NC_002678.2/BA000012.4;;;;;;
"Nostoc sp. PCC 7120,""Bacteria";Terrabacteria group;"Cyanobacteria/Melainabacteria group""";PCC 7120;SAMD00061094;PRJNA244;GCA_000009705.1;Complete;721.179;412.243;chromosome:NC_003272.1/BA000019.2;;;;;;
"Synechocystis sp. PCC 6803,""Bacteria";Terrabacteria group;"Cyanobacteria/Melainabacteria group""";PCC 6803;SAMD00061113;PRJNA60;GCA_000009725.1;Complete;394.702;473.493;chromosome:NC_000911.1/BA000022.2;;;;;;
"Bacillus clausii KSM-K16,""Bacteria";Terrabacteria group;"Firmicutes""";KSM-K16;SAMD00061074;PRJNA13291;GCA_000009825.1;Complete;430.387;44.8;chromosome:NC_006582.1/AP006627.1;;1;4172;2004-12-10T00:00:00Z;ftp://ftp.ncbi.nlm.nih.gov/genomes/all/GCA/000/009/825/GCA_000009825.1_ASM982v1;ftp://ftp.ncbi.nlm.nih.gov/genomes/all/GCF/000/009/825/GCF_000009825.1_ASM982v1
"Onion yellows phytoplasma OY-M,""Bacteria";Terrabacteria group;"Tenericutes""";onion yellows;SAMD00061121;PRJNA9615;GCA_000009845.1;Complete;0.853092;27.8;chromosome:NC_005303.2/AP006628.2;;1;728;2003-12-09T00:00:00Z;ftp://ftp.ncbi.nlm.nih.gov/genomes/all/GCA/000/009/845/GCA_000009845.1_ASM984v1;ftp://ftp.ncbi.nlm.nih.gov/genomes/all/GCF/000/009/845/GCF_000009845.1_ASM984v1
"Staphylococcus haemolyticus JCSC1435,""Bacteria";Terrabacteria group;"Firmicutes""";JCSC1435;SAMD00061066;PRJNA12508;GCA_000009865.1;Complete;269.786;327.885;chromosome:NC_007168.1/AP006716.1;;;;;;
"Symbiobacterium thermophilum IAM 14863,""Bacteria";Terrabacteria group;"Firmicutes""";IAM14863;SAMD00061067;PRJNA12994;GCA_000009905.1;Complete;356.614;68.7;chromosome:NC_006177.1/AP006840.1;;1;3175;2004-09-02T00:00:00Z;ftp://ftp.ncbi.nlm.nih.gov/genomes/all/GCA/000/009/905/GCA_000009905.1_ASM990v1;ftp://ftp.ncbi.nlm.nih.gov/genomes/all/GCF/000/009/905/GCF_000009905.1_ASM990v1
"Bacteroides fragilis YCH46,""Bacteria";FCB group;"Bacteroidetes/Chlorobi group""";YCH46;SAMD00061068;PRJNA13067;GCA_000009925.1;Complete;531.099;432.378;chromosome:NC_006347.1/AP006841.1;;;;;;
"Chlamydia felis Fe/C-56,""Bacteria";PVC group;"Chlamydiae""";Fe/C-56;SAMD00061108;PRJNA370;GCA_000009945.1;Complete;117.379;393.646;chromosome:NC_007899.1/AP006861.1;;;;;;
"Thermococcus kodakarensis KOD1,""Archaea";Euryarchaeota;"Thermococci""";KOD1;SAMD00061071;PRJNA13213;GCA_000009965.1;Complete;208.874;52;chromosome:NC_006624.1/AP006878.1;;1;2237;2005-01-05T20:30:00Z;ftp://ftp.ncbi.nlm.nih.gov/genomes/all/GCA/000/009/965/GCA_000009965.1_ASM996v1;ftp://ftp.ncbi.nlm.nih.gov/genomes/all/GCF/000/009/965/GCF_000009965.1_ASM996v1
"Magnetospirillum magneticum AMB-1,""Bacteria";Proteobacteria;"Alphaproteobacteria""";AMB-1;SAMD00061077;PRJNA16217;GCA_000009985.1;Complete;496.715;65.1;chromosome:NC_007626.1/AP007255.1;;1;4489;2005-11-30T00:00:00Z;ftp://ftp.ncbi.nlm.nih.gov/genomes/all/GCA/000/009/985/GCA_000009985.1_ASM998v1;ftp://ftp.ncbi.nlm.nih.gov/genomes/all/GCF/000/009/985/GCF_000009985.1_ASM998v1
"Geobacillus kaustophilus HTA426,""Bacteria";Terrabacteria group;"Firmicutes""";HTA426;SAMD00061072;PRJNA13233;GCA_000009785.1;Complete;359.267;519.947;chromosome:NC_006510.1/BA000043.1;;;;;;
"Synechococcus elongatus PCC 6301,""Bacteria";Terrabacteria group;"Cyanobacteria/Melainabacteria group""";PCC 6301;SAMD00061073;PRJNA13282;GCA_000010065.1;Complete;269.625;55.5;chromosome:NC_006576.1/AP008231.1;;1;2602;2004-12-14T00:00:00Z;ftp://ftp.ncbi.nlm.nih.gov/genomes/all/GCA/000/010/065/GCA_000010065.1_ASM1006v1;ftp://ftp.ncbi.nlm.nih.gov/genomes/all/GCF/000/010/065/GCF_000010065.1_ASM1006v1
"Sodalis glossinidius str. 'morsitans',""Bacteria";Proteobacteria;"Gammaproteobacteria""";morsitans;SAMD00061079;PRJNA16309;GCA_000010085.1;Complete;42.925;545.066;chromosome:NC_007712.1/AP008232.1;;;;;;
"Staphylococcus saprophyticus subsp. saprophyticus ATCC 15305,""Bacteria";Terrabacteria group;"Firmicutes""";ATCC 15305;SAMD00061076;PRJNA15596;GCA_000010125.1;Complete;25.779;331.473;chromosome:NC_007350.1/AP008934.1;;;;;;
"Lactobacillus fermentum IFO 3956,""Bacteria";Terrabacteria group;"Firmicutes""";IFO 3956;SAMD00060917;PRJDA18979;GCA_000010145.1;Complete;209.869;51.5;chromosome:NC_010610.1/AP008937.1;;1;1916;2008-04-15T23:03:00Z;ftp://ftp.ncbi.nlm.nih.gov/genomes/all/GCA/000/010/145/GCA_000010145.1_ASM1014v1;ftp://ftp.ncbi.nlm.nih.gov/genomes/all/GCF/000/010/145/GCF_000010145.1_ASM1014v1
"Brevibacillus brevis NBRC 100599,""Bacteria";Terrabacteria group;"Firmicutes""";NBRC 100599 (= 47);SAMD00060942;PRJDA29147;GCA_000010165.1;Complete;629.644;47.3;chromosome:NC_012491.1/AP008955.1;;1;5760;2009-04-01T00:00:00Z;ftp://ftp.ncbi.nlm.nih.gov/genomes/all/GCA/000/010/165/GCA_000010165.1_ASM1016v1;ftp://ftp.ncbi.nlm.nih.gov/genomes/all/GCF/000/010/165/GCF_000010165.1_ASM1016v1
"Finegoldia magna ATCC 29328,""Bacteria";Terrabacteria group;"Firmicutes""";ATCC 29328;SAMD00060918;PRJDA18981;GCA_000010185.1;Complete;198.674;320.524;chromosome:NC_010376.1/AP008971.1;;;;;;
"Kocuria rhizophila DC2201,""Bacteria";Terrabacteria group;"Actinobacteria""";DC2201 (= NBRC 103217);SAMD00060935;PRJDA27833;GCA_000010285.1;Complete;269.754;71.2;chromosome:NC_010617.1/AP009152.1;;1;2264;2008-04-17T23:04:00Z;ftp://ftp.ncbi.nlm.nih.gov/genomes/all/GCA/000/010/285/GCA_000010285.1_ASM1028v1;ftp://ftp.ncbi.nlm.nih.gov/genomes/all/GCF/000/010/285/GCF_000010285.1_ASM1028v1
"Gemmatimonas aurantiaca T-27,""Bacteria";FCB group;"Gemmatimonadetes""";T-27;SAMD00060909;PRJDA18501;GCA_000010305.1;Complete;463.696;64.3;chromosome:NC_012489.1/AP009153.1;;1;3915;2009-04-01T00:00:00Z;ftp://ftp.ncbi.nlm.nih.gov/genomes/all/GCA/000/010/305/GCA_000010305.1_ASM1030v1;ftp://ftp.ncbi.nlm.nih.gov/genomes/all/GCF/000/010/305/GCF_000010305.1_ASM1030v1
"Nitratiruptor sp. SB155-2,""Bacteria";Proteobacteria;"delta/epsilon subdivisions""";SB155-2;SAMD00060914;PRJDA18963;GCA_000010325.1;Complete;187.793;39.7;chromosome:NC_009662.1/AP009178.1;;1;1912;2007-07-11T00:00:00Z;ftp://ftp.ncbi.nlm.nih.gov/genomes/all/GCA/000/010/325/GCA_000010325.1_ASM1032v1;ftp://ftp.ncbi.nlm.nih.gov/genomes/all/GCF/000/010/325/GCF_000010325.1_ASM1032v1
"Sulfurovum sp. NBC37-1,""Bacteria";Proteobacteria;"delta/epsilon subdivisions""";NBC37-1;SAMD00060915;PRJDA18965;GCA_000010345.1;Complete;256.228;43.9;chromosome:NC_009663.1/AP009179.1;;1;2496;2007-07-11T00:00:00Z;ftp://ftp.ncbi.nlm.nih.gov/genomes/all/GCA/000/010/345/GCA_000010345.1_ASM1034v1;ftp://ftp.ncbi.nlm.nih.gov/genomes/all/GCF/000/010/345/GCF_000010345.1_ASM1034v1
"Candidatus Carsonella ruddii PV,""Bacteria";Proteobacteria;"Gammaproteobacteria""";PV;SAMD00061085;PRJNA17977;GCA_000010365.1;Complete;0.159662;16.6;chromosome:NC_008512.1/AP009180.1;;1;179;2006-10-16T23:03:00Z;ftp://ftp.ncbi.nlm.nih.gov/genomes/all/GCA/000/010/365/GCA_000010365.1_ASM1036v1;ftp://ftp.ncbi.nlm.nih.gov/genomes/all/GCF/000/010/365/GCF_000010365.1_ASM1036v1
"Candidatus Vesicomyosocius okutanii HA,""Bacteria";Proteobacteria;"Gammaproteobacteria""";HA;SAMD00060908;PRJDA18267;GCA_000010405.1;Complete;102.215;31.6;chromosome:NC_009465.1/AP009247.1;;1;951;2007-05-08T20:19:00Z;ftp://ftp.ncbi.nlm.nih.gov/genomes/all/GCA/000/010/405/GCA_000010405.1_ASM1040v1;ftp://ftp.ncbi.nlm.nih.gov/genomes/all/GCF/000/010/405/GCF_000010405.1_ASM1040v1
"Bifidobacterium adolescentis ATCC 15703,""Bacteria";Terrabacteria group;"Actinobacteria""";ATCC 15703;SAMD00061080;PRJNA16321;GCA_000010425.1;Complete;208.964;59.2;chromosome:NC_008618.1/AP009256.1;;1;1624;2006-12-05T23:09:00Z;ftp://ftp.ncbi.nlm.nih.gov/genomes/all/GCA/000/010/425/GCA_000010425.1_ASM1042v1;ftp://ftp.ncbi.nlm.nih.gov/genomes/all/GCF/000/010/425/GCF_000010425.1_ASM1042v1
"Porphyromonas gingivalis ATCC 33277,""Bacteria";FCB group;"Bacteroidetes/Chlorobi group""";ATCC 33277;SAMD00060922;PRJDA19051;GCA_000010505.1;Complete;235.489;48.4;chromosome:NC_010729.1/AP009380.1;;1;1955;2008-05-20T23:06:00Z;ftp://ftp.ncbi.nlm.nih.gov/genomes/all/GCA/000/010/505/GCA_000010505.1_ASM1050v1;ftp://ftp.ncbi.nlm.nih.gov/genomes/all/GCF/000/010/505/GCF_000010505.1_ASM1050v1
"Azorhizobium caulinodans ORS 571,""Bacteria";Proteobacteria;"Alphaproteobacteria""";ORS 571;SAMD00060925;PRJDA19267;GCA_000010525.1;Complete;536.977;67.3;chromosome:NC_009937.1/AP009384.1;;1;4719;2007-10-16T23:23:00Z;ftp://ftp.ncbi.nlm.nih.gov/genomes/all/GCA/000/010/525/GCA_000010525.1_ASM1052v1;ftp://ftp.ncbi.nlm.nih.gov/genomes/all/GCF/000/010/525/GCF_000010525.1_ASM1052v1
"Burkholderia multivorans ATCC 17616,""Bacteria";Proteobacteria;"Betaproteobacteria""";ATCC 17616;SAMD00060926;PRJDA19401;GCA_000010545.1;Complete;700.881;666.924;chromosome 1:NC_010804.1/AP009385.1;;;;;;
"Pelotomaculum thermopropionicum SI,""Bacteria";Terrabacteria group;"Firmicutes""";SI;SAMD00060921;PRJDA19023;GCA_000010565.1;Complete;302.537;53;chromosome:AP009389.1;;1;2920;2007-05-07T23:18:00Z;ftp://ftp.ncbi.nlm.nih.gov/genomes/all/GCA/000/010/565/GCA_000010565.1_ASM1056v1;ftp://ftp.ncbi.nlm.nih.gov/genomes/all/GCF/000/010/565/GCF_000010565.1_ASM1056v1
"Macrococcus caseolyticus JCSC5402,""Bacteria";Terrabacteria group;"Firmicutes""";JCSC5402;SAMD00060930;PRJDA20209;GCA_000010585.1;Complete;221.974;365.846;chromosome:NC_011999.1/AP009484.1;;;;;;
"Streptomyces griseus subsp. griseus NBRC 13350,""Bacteria";Terrabacteria group;"Actinobacteria""";NBRC 13350;SAMD00060929;PRJDA20085;GCA_000010605.1;Complete;854.593;72.2;chromosome:NC_010572.1/AP009493.1;;1;6969;2008-04-08T23:27:00Z;ftp://ftp.ncbi.nlm.nih.gov/genomes/all/GCA/000/010/605/GCA_000010605.1_ASM1060v1;ftp://ftp.ncbi.nlm.nih.gov/genomes/all/GCF/000/010/605/GCF_000010605.1_ASM1060v1
"Microcystis aeruginosa NIES-843,""Bacteria";Terrabacteria group;"Cyanobacteria/Melainabacteria group""";NIES-843;SAMD00060936;PRJDA27835;GCA_000010625.1;Complete;584.279;42.3;chromosome:NC_010296.1/AP009552.1;;1;5190;2008-01-24T23:06:00Z;ftp://ftp.ncbi.nlm.nih.gov/genomes/all/GCA/000/010/625/GCA_000010625.1_ASM1062v1;ftp://ftp.ncbi.nlm.nih.gov/genomes/all/GCF/000/010/625/GCF_000010625.1_ASM1062v1
"Candidatus Azobacteroides pseudotrichonymphae genomovar. CFP2,""Bacteria";FCB group;"Bacteroidetes/Chlorobi group""";;SAMD00060940;PRJDA29025;GCA_000010645.1;Complete;122.492;329.857;chromosome:NC_011565.1/AP010656.1;;;;;;
"Desulfovibrio magneticus RS-1,""Bacteria";Proteobacteria;"delta/epsilon subdivisions""";RS-1;SAMD00060954;PRJDA32105;GCA_000010665.1;Complete;531.562;627.043;chromosome:NC_012796.1/AP010904.1;;;;;;
"Acetobacter pasteurianus IFO 3283-01,""Bacteria";Proteobacteria;"Alphaproteobacteria""";IFO 3283 substr. IFO 3283-01;SAMD00060943;PRJDA31129;GCA_000010825.1;Complete;334.025;530.701;chromosome:NC_013209.1/AP011121.1;;;;;;
"Bacteroides thetaiotaomicron VPI-5482,""Bacteria";FCB group;"Bacteroidetes/Chlorobi group""";VPI-5482;SAMN02604314;PRJNA399;GCA_000011065.1;Complete;62.934;428.231;chromosome:NC_004663.1/AE015928.1;;;;;;
"Haloarcula marismortui ATCC 43049,""Archaea";Euryarchaeota;"Stenosarchaea group""";ATCC 43049;SAMN02603385;PRJNA105;GCA_000011085.1;Complete;427.464;611.403;chromosome I:NC_006396.1/AY596297.1;;;;;;
"Pyrococcus horikoshii OT3,""Archaea";Euryarchaeota;"Thermococci""";OT3;SAMD00061090;PRJNA207;GCA_000011105.1;Complete;17.385;41.9;chromosome:NC_000961.1/BA000001.2;;1;1801;2001-07-03T00:00:00Z;ftp://ftp.ncbi.nlm.nih.gov/genomes/all/GCA/000/011/105/GCA_000011105.1_ASM1110v1;ftp://ftp.ncbi.nlm.nih.gov/genomes/all/GCF/000/011/105/GCF_000011105.1_ASM1110v1
"Bacillus halodurans C-125,""Bacteria";Terrabacteria group;"Firmicutes""";C-125;SAMD00061093;PRJNA235;GCA_000011145.1;Complete;420.235;43.7;chromosome:NC_002570.2/BA000004.3;;1;3950;2001-09-10T00:00:00Z;ftp://ftp.ncbi.nlm.nih.gov/genomes/all/GCA/000/011/145/GCA_000011145.1_ASM1114v1;ftp://ftp.ncbi.nlm.nih.gov/genomes/all/GCF/000/011/145/GCF_000011145.1_ASM1114v1
"Corynebacterium efficiens YS-314,""Bacteria";Terrabacteria group;"Actinobacteria""";YS-314;SAMD00061103;PRJNA305;GCA_000011305.1;Complete;32.195;629.346;chromosome:NC_004369.1/BA000035.2;;;;;;
"Corynebacterium glutamicum ATCC 13032,""Bacteria";Terrabacteria group;"Actinobacteria""";ATCC 13032;SAMD00061105;PRJNA307;GCA_000011325.1;Complete;33.094;53.8;chromosome:NC_003450.3/BA000036.3;;1;2959;2001-03-12T00:00:00Z;ftp://ftp.ncbi.nlm.nih.gov/genomes/all/GCA/000/011/325/GCA_000011325.1_ASM1132v1;ftp://ftp.ncbi.nlm.nih.gov/genomes/all/GCF/000/011/325/GCF_000011325.1_ASM1132v1
"Thermosynechococcus elongatus BP-1,""Bacteria";Terrabacteria group;"Cyanobacteria/Melainabacteria group""";BP-1;SAMD00061106;PRJNA308;GCA_000011345.1;Complete;259.386;53.9;chromosome:NC_004113.1/BA000039.2;;1;2476;2002-08-17T00:00:00Z;ftp://ftp.ncbi.nlm.nih.gov/genomes/all/GCA/000/011/345/GCA_000011345.1_ASM1134v1;ftp://ftp.ncbi.nlm.nih.gov/genomes/all/GCF/000/011/345/GCF_000011345.1_ASM1134v1
"Bradyrhizobium diazoefficiens USDA 110,""Bacteria";Proteobacteria;"Alphaproteobacteria""";USDA110;SAMD00061083;PRJNA17;GCA_000011365.1;Complete;910.583;64.1;chromosome:NC_004463.1/BA000040.2;;1;8317;2002-12-27T00:00:00Z;ftp://ftp.ncbi.nlm.nih.gov/genomes/all/GCA/000/011/365/GCA_000011365.1_ASM1136v1;ftp://ftp.ncbi.nlm.nih.gov/genomes/all/GCF/000/011/365/GCF_000011365.1_ASM1136v1
"Gloeobacter violaceus PCC 7421,""Bacteria";Terrabacteria group;"Cyanobacteria/Melainabacteria group""";PCC 7421;SAMD00061120;PRJNA9606;GCA_000011385.1;Complete;465.902;62;chromosome:NC_005125.1/BA000045.2;;1;4430;2003-09-25T00:00:00Z;ftp://ftp.ncbi.nlm.nih.gov/genomes/all/GCA/000/011/385/GCA_000011385.1_ASM1138v1;ftp://ftp.ncbi.nlm.nih.gov/genomes/all/GCF/000/011/385/GCF_000011385.1_ASM1138v1
"Mycoplasma mycoides subsp. mycoides SC str. PG1,""Bacteria";Terrabacteria group;"Tenericutes""";PG1;SAMEA3138208;PRJNA10616;GCA_000011445.1;Complete;12.117;24;chromosome:NC_005364.2/BX293980.2;;1;1017;2004-02-09T00:00:00Z;ftp://ftp.ncbi.nlm.nih.gov/genomes/all/GCA/000/011/445/GCA_000011445.1_ASM1144v1;ftp://ftp.ncbi.nlm.nih.gov/genomes/all/GCF/000/011/445/GCF_000011445.1_ASM1144v1
"Thermoplasma volcanium GSS1,""Archaea";Euryarchaeota;"Diaforarchaea group""";GSS1;SAMD00061089;PRJNA206;GCA_000011185.1;Complete;15.848;39.9;chromosome:NC_002689.2/BA000011.4;;1;1545;2001-03-22T00:00:00Z;ftp://ftp.ncbi.nlm.nih.gov/genomes/all/GCA/000/011/185/GCA_000011185.1_ASM1118v1;ftp://ftp.ncbi.nlm.nih.gov/genomes/all/GCF/000/011/185/GCF_000011185.1_ASM1118v1
"Sulfurisphaera tokodaii str. 7,""Archaea";TACK group;"Crenarchaeota""";7;SAMD00061096;PRJNA246;GCA_000011205.1;Complete;269.476;32.8;chromosome:NC_003106.2/BA000023.2;;1;2770;2001-10-04T00:00:00Z;ftp://ftp.ncbi.nlm.nih.gov/genomes/all/GCA/000/011/205/GCA_000011205.1_ASM1120v1;ftp://ftp.ncbi.nlm.nih.gov/genomes/all/GCF/000/011/205/GCF_000011205.1_ASM1120v1
"Mycoplasma penetrans HF-2,""Bacteria";Terrabacteria group;"Tenericutes""";HF-2;SAMD00061084;PRJNA176;GCA_000011225.1;Complete;135.863;25.7;chromosome:NC_004432.1/BA000026.2;;1;1016;2002-12-10T00:00:00Z;ftp://ftp.ncbi.nlm.nih.gov/genomes/all/GCA/000/011/225/GCA_000011225.1_ASM1122v1;ftp://ftp.ncbi.nlm.nih.gov/genomes/all/GCF/000/011/225/GCF_000011225.1_ASM1122v1
"Oceanobacillus iheyensis HTE831,""Bacteria";Terrabacteria group;"Firmicutes""";HTE831;SAMD00061101;PRJNA284;GCA_000011245.1;Complete;363.053;35.7;chromosome:NC_004193.1/BA000028.3;;1;3464;2002-09-18T00:00:00Z;ftp://ftp.ncbi.nlm.nih.gov/genomes/all/GCA/000/011/245/GCA_000011245.1_ASM1124v1;ftp://ftp.ncbi.nlm.nih.gov/genomes/all/GCF/000/011/245/GCF_000011245.1_ASM1124v1
"Burkholderia pseudomallei K96243,""Bacteria";Proteobacteria;"Betaproteobacteria""";K96243;SAMEA1705938;PRJNA178;GCA_000011545.1;Complete;724.755;680.502;chromosome 1:NC_006350.1/BX571965.1;;;;;;
"Candidatus Protochlamydia amoebophila UWE25,""Bacteria";PVC group;"Chlamydiae""";UWE25;SAMEA3138214;PRJNA10700;GCA_000011565.1; Chromosome;241.446;34.7;chromosome:NC_005861.1/BX908798.1;;1;1841;2004-04-08T00:00:00Z;ftp://ftp.ncbi.nlm.nih.gov/genomes/all/GCA/000/011/565/GCA_000011565.1_ASM1156v1;ftp://ftp.ncbi.nlm.nih.gov/genomes/all/GCF/000/011/565/GCF_000011565.1_ASM1156v1
"Pectobacterium atrosepticum SCRI1043,""Bacteria";Proteobacteria;"Gammaproteobacteria""";SCRI1043;SAMEA1705920;PRJNA350;GCA_000011605.1;Complete;506.402;51;chromosome:NC_004547.2/BX950851.1;;1;4381;2003-03-05T00:00:00Z;ftp://ftp.ncbi.nlm.nih.gov/genomes/all/GCA/000/011/605/GCA_000011605.1_ASM1160v1;ftp://ftp.ncbi.nlm.nih.gov/genomes/all/GCF/000/011/605/GCF_000011605.1_ASM1160v1
"Gluconobacter oxydans 621H,""Bacteria";Proteobacteria;"Alphaproteobacteria""";621H;SAMN02603293;PRJNA13325;GCA_000011685.1;Complete;292.238;608.415;chromosome:NC_006677.1/CP000009.1;;;;;;
"Burkholderia mallei ATCC 23344,""Bacteria";Proteobacteria;"Betaproteobacteria""";ATCC 23344;SAMN02603987;PRJNA171;GCA_000011705.1;Complete;583.553;685.188;chromosome 1:NC_006348.1/CP000010.1;;;;;;
"Candidatus Blochmannia pennsylvanicus str. BPEN,""Bacteria";Proteobacteria;"Gammaproteobacteria""";BPEN;SAMN02603465;PRJNA13875;GCA_000011745.1;Complete;0.791654;29.6;chromosome:NC_007292.1/CP000016.1;;1;610;2005-08-04T00:00:00Z;ftp://ftp.ncbi.nlm.nih.gov/genomes/all/GCA/000/011/745/GCA_000011745.1_ASM1174v1;ftp://ftp.ncbi.nlm.nih.gov/genomes/all/GCF/000/011/745/GCF_000011745.1_ASM1174v1
"Aliivibrio fischeri ES114,""Bacteria";Proteobacteria;"Gammaproteobacteria""";ES114;SAMN02604303;PRJNA12986;GCA_000011805.1;Complete;427.372;38.371;chromosome I:NC_006840.2/CP000020.2;;;;;;
"Bacillus licheniformis DSM 13 = ATCC 14580,""Bacteria";Terrabacteria group;"Firmicutes""";ATCC 14580;;;;;;;;;;;;;
"Dehalococcoides mccartyi 195,""Bacteria";Terrabacteria group;"Chloroflexi""";195;SAMN02603990;PRJNA214;GCA_000011905.1;Complete;146.972;48.9;chromosome:NC_002936.3/CP000027.1;;1;1497;2001-10-03T00:00:00Z;ftp://ftp.ncbi.nlm.nih.gov/genomes/all/GCA/000/011/905/GCA_000011905.1_ASM1190v1;ftp://ftp.ncbi.nlm.nih.gov/genomes/all/GCF/000/011/905/GCF_000011905.1_ASM1190v1
"Lactobacillus acidophilus NCFM,""Bacteria";Terrabacteria group;"Firmicutes""";NCFM;SAMN02603047;PRJNA82;GCA_000011985.1;Complete;199.356;34.7;chromosome:NC_006814.3/CP000033.3;;1;1832;2005-01-27T00:00:00Z;ftp://ftp.ncbi.nlm.nih.gov/genomes/all/GCA/000/011/985/GCA_000011985.1_ASM1198v1;ftp://ftp.ncbi.nlm.nih.gov/genomes/all/GCF/000/011/985/GCF_000011985.1_ASM1198v1
"Shigella dysenteriae Sd197,""Bacteria";Proteobacteria;"Gammaproteobacteria""";Sd197;SAMN02603600;PRJNA13145;GCA_000012005.1;Complete;456.091;50.921;chromosome:NC_007606.1/CP000034.1;;;;;;
"Pseudomonas savastanoi pv. phaseolicola 1448A,""Bacteria";Proteobacteria;"Gammaproteobacteria""";1448A;;;;;;;;;;;;;
"Aster yellows witches'-broom phytoplasma AYWB,""Bacteria";Terrabacteria group;"Tenericutes""";;SAMN02603687;PRJNA13478;GCA_000012225.1;Complete;0.72397;268.254;chromosome:NC_007716.1/CP000061.1;;;;;;
"Pseudomonas syringae pv. syringae B728a,""Bacteria";Proteobacteria;"Gammaproteobacteria""";B728a;SAMN02604347;PRJNA323;GCA_000012245.1;Complete;60.937;59.2;chromosome:NC_007005.1/CP000075.1;;1;5089;2005-05-12T00:00:00Z;ftp://ftp.ncbi.nlm.nih.gov/genomes/all/GCA/000/012/245/GCA_000012245.1_ASM1224v1;ftp://ftp.ncbi.nlm.nih.gov/genomes/all/GCF/000/012/245/GCF_000012245.1_ASM1224v1
"Pseudomonas protegens Pf-5,""Bacteria";Proteobacteria;"Gammaproteobacteria""";Pf-5;SAMN02604012;PRJNA327;GCA_000012265.1;Complete;707.489;63.3;chromosome:NC_004129.6/CP000076.1;;1;6250;2002-08-21T00:00:00Z;ftp://ftp.ncbi.nlm.nih.gov/genomes/all/GCA/000/012/265/GCA_000012265.1_ASM1226v1;ftp://ftp.ncbi.nlm.nih.gov/genomes/all/GCF/000/012/265/GCF_000012265.1_ASM1226v1
"Sulfolobus acidocaldarius DSM 639,""Archaea";TACK group;"Crenarchaeota""";DSM 639;SAMN02603173;PRJNA13935;GCA_000012285.1;Complete;222.596;36.7;chromosome:NC_007181.1/CP000077.1;;1;2243;2005-07-05T00:00:00Z;ftp://ftp.ncbi.nlm.nih.gov/genomes/all/GCA/000/012/285/GCA_000012285.1_ASM1228v1;ftp://ftp.ncbi.nlm.nih.gov/genomes/all/GCF/000/012/285/GCF_000012285.1_ASM1228v1
"Psychrobacter arcticus 273-4,""Bacteria";Proteobacteria;"Gammaproteobacteria""";273-4;SAMN02598544;PRJNA9633;GCA_000012305.1;Complete;26.507;42.8;chromosome:NC_007204.1/CP000082.1;;1;2113;2005-07-20T00:00:00Z;ftp://ftp.ncbi.nlm.nih.gov/genomes/all/GCA/000/012/305/GCA_000012305.1_ASM1230v1;ftp://ftp.ncbi.nlm.nih.gov/genomes/all/GCF/000/012/305/GCF_000012305.1_ASM1230v1
"Colwellia psychrerythraea 34H,""Bacteria";Proteobacteria;"Gammaproteobacteria""";34H;;;;;;;;;;;;;
"Candidatus Pelagibacter ubique HTCC1062,""Bacteria";Proteobacteria;"Alphaproteobacteria""";HTCC1062;SAMN02603690;PRJNA13989;GCA_000012345.1;Complete;130.876;29.7;chromosome:NC_007205.1/CP000084.1;;1;1337;2005-07-22T00:00:00Z;ftp://ftp.ncbi.nlm.nih.gov/genomes/all/GCA/000/012/345/GCA_000012345.1_ASM1234v1;ftp://ftp.ncbi.nlm.nih.gov/genomes/all/GCF/000/012/345/GCF_000012345.1_ASM1234v1
"Burkholderia thailandensis E264,""Bacteria";Proteobacteria;"Betaproteobacteria""";E264;;;;;;;;;;;;;
"Rickettsia bellii RML369-C,""Bacteria";Proteobacteria;"Alphaproteobacteria""";RML369-C;SAMN02603144;PRJNA13996;GCA_000012385.1;Complete;152.208;31.6;chromosome:NC_007940.1/CP000087.1;;1;1398;2006-04-05T00:00:00Z;ftp://ftp.ncbi.nlm.nih.gov/genomes/all/GCA/000/012/385/GCA_000012385.1_ASM1238v1;ftp://ftp.ncbi.nlm.nih.gov/genomes/all/GCF/000/012/385/GCF_000012385.1_ASM1238v1
